application,applicationID
Outlook,514
Bloomberg,1338
BBS - Bund Bidding System,662
TODEAL COLTIT Access Client to Aste Bankit,1265
Murex,298
Reuters,1340
Consulting ABC 1,746
PEC Certified Electronic Mail,936
Web Complaints,1865
GESPI Foreclosure Management,988
HU00 Main menu Introduction,832
WEB APP RPA - Robotic Process Automation,920
LEGIN LEGAL INVENTORY,1717
Tagetik Consolidated Financial Statements,1168
CLASS,891
SCI New General Ledger Accounting,1681
MOCRED,1304
155093 SAP R/3 Accounts Payable,949
PARTY Participation management,1082
LIBRA,507
SIRE,726
NSIL - Leasing Information System,317
EPC Leasing,1908
Excel,366
ARCHIBUS Real Estate Management,1624
NAG Registry of Group Counterparties,1842
Related Parties Associated Persons IAS 24 - TRANSACTIONS,745
Checking names Black List Checker,1784
Microsoft Teams,126
Help4U - Goods and Services,321
Help4U - Assistance,1857
The FOX,1116
Condor +,1294
Documentum,1600
MR00 Medium and long-term loans,1291
FINER Loans disbursement,133
BONIF Unique interface for entering a single bank transfer,1525
ABC00 Management of Authorization Events,1200
Abroad,278
EasyDocWeb,1448
A000 Order Management Introduction,826
150654 - R4M0-Classification - Queries and Variations,72
SIGNATURES - View signature,1402
A000 Administered Deposit Management Introduction,1474
Algorithmic strategy repository,624
Real Time Collateral,1125
ASNA Pension Funds and PIP,1428
FATCA CRS Engine,1523
GIANOS 3D Completion of this adequate verification of physical and legal person,1483
Group Ratings,431
Early Warning System of Corp.Sov.e Finv.inst. Group,816
Overall Risk Position,30
PEF5 Corporate Credit Portal,572
For Funding,562
Basel 2 Regulatory Segmentation,430
Digital Smart Loading,1320
ONE Concession of Credit,1330
ONE Concession of OTS Credit,75
Query Builder,970
SCI New General Accounting Common functions,1680
EBAAS LIFE insurance front end,1012
Web workflows,1414
word,923
Microsoft SQL Server,794
GP - Expert Report Management Portal,1377
Asset Dialogue,333
Bad debt management,1379
Access,819
ALFA Application Processing Subsidized Loans,1594
Problem Credit Management Application main functions,1929
LGD-EAD Departmental diagnostician,1268
Integrated Accounting System,279
MR00 MI14 Function 1 Management of concession resolution,1880
CRMS HF Preprocessors Daily system integration Credit Risk,578
Data Governance Portal Outcome Monitoring,1725
RRM Report Risk Management,1211
Help4U - Incident Management,501
GARC Active Credit Risk Management,289
Registry - Group registry,145
CRED0-Country Risk Monitoring,134
Hermione - SISBA Statistical Banking Information System,522
Risk Watch,389
Problem Credit Management,1884
Credit portal Loans to private individuals,509
CMLT Renegotiation of WEB Mortgages,898
External Database Portal Inquiry BDE,1573
PGA Active Guarantee Procedure,1874
151412 CMLT MINF.,1879
DTCER Certain Date WEB,874
GK00 Guarantees received Introduction,1796
155115 e-Catalogue Mortgages,511
CMLT - Anti-wear adjustments to data collection instructions for TEG calculation,465
BJIS Collections at the counter Introduction,1229
Credit Management Proactive Manager,175
PRICE Authorization of opinion and proposed derogation resolution,1372
External Management Credit Management Portal,1189
Internal Management Credit Management Portal,1289
#People portal,404
Program for uploading contracts assignment,1100
EPC Management - Legal Portal,1620
ABS Assets Systems Archive,427
MOPLE Suffering,695
OCS After Sales,5
GIANOS 3D Due Diligence Questionnaire,1152
TDACC BRGES Constrained Time Deposit Management,464
GESPO Management of Signature Powers,198
Management of Limits and Delegates,540
Front Web Fatca Crs - Network Functions,532
PRICE Management of waiver proposal on report,1369
Bank of Italy Central Credit Register,909
153132 - 3270 emulator,25
Eximbills,162
BOX Back Office central operations,384
150887 - CORRESPONDENT BANKING CoBa application,131
Foreign WEB,1117
Remember Reconciliation,204
ALGO Collateral v 5.2,380
SSL,659
resource,616
TOP - SECURITIES DEPOSITOR HANDLING,596
Calypso,1172
ANAGE,203
Nemo,902
AcadiaSoft - Initial Margin Exposure Manager,1604
Single Document Archive,152
CMLT Credits to MLT,1530
151430 - CMLT Procedure - Information,1093
Documentum - Document Storage Rating,710
PGF Loan Management Procedure,1302
GK00-Guarantees,1846
Credit Portal - Micro Business,209
Credit Portal - Small Business CORE,281
Covenant management and monitoring,802
PEF5 credit portal Covenant management,455
GIC Credit loan management Company branch products,576
E-CAM Premise,568
SAP R3 Assets,294
B3PRO Basel 3,525
Space,1495
SAS Enterprise Guide,1112
SMARTREG Diagnostics of supervisory messages,1494
INFOSTAT,474
Iron DQ,1233
FENICS-Front End New Securitisations for Reporting,89
Eclipse,939
Pelican,1101
Message Brokers,1102
Safewatches,1411
Counter Authorization functions,1520
Inbiz Trade Work Station,1549
Available for traffic – Tracing of internal correspondence between Structures,1827
150809 EENT Foreign Cargo New interface for foreign transactions,536
N650 Management of single positions download values,398
Document Storage Introduction,1312
150809 EM20 Foreign Freight Disbursement message,1269
Esteroweb Introduction,1184
REGCO Accounting management p.o. regulation,981
CREVE Dashboard Authorization Events,884
N650 Management of single positions loaded with values,393
BUY Scan of the documentation,483
DDGEM Mandate management,1272
RPC – Customer Product Profitability,1924
INDIGO Corrections,1726
MPP Monitor Production Processes,1386
MPPX0 – Production Process Monitor,1837
RDB - New Group Profitability,434
Data Quality Dashboard ISBs,147
Plus BdT Commercial and Management Information Portal,1024
KWSC Product customer profitability,68
CDM – Customer Data Management – Number machine.,1674
CLIP Customer card,910
BdT Group CdG Dashboard,1027
CIB dashboard,1025
BFD - Data Lake/SSC Anonymization,1202
ISPAD - Graphometric Signature,1090
WEBCARDS Reprints,308
WEBCARDS,1876
ZAFI Debit Cards anonymous card delivery,23
ZAFI Products SETEFI Booklet Paper Delivery to Warehouse,751
J6TP CAI operational functions,97
WFM console for FOL and BO,37
ESTEROWEB Financing,1067
PL PriceLab PriceRange,599
ESTEROWEB EANFI,1054
PRICE Conditions,1373
InBiz Dashboard divestment and assignment of credit,952
EV20 Exposure Rates and other conditions,337
CANT Dashboard Advances,1104
EXAC Accounting abroad,339
ETRE - Inquiry and Variation of Back Office contracts,334
EANFI Document Management,776
Price Home Page,793
ETRE - Inquiry and Variation of Network contracts,1910
EEMO Exhibition of Foreign Movements,761
BUY Processing of GELAV transaction provisions,94
NJ00 Customer Information System – SICLI,932
COCOM Copies of Communications sent to the Client,1208
Traceability module Embargo control/AML CFT,1690
SEC0 Price information system,368
Current Accounts and Savings Deposits,1537
GarWatch,887
PEF Small Business and Private Loans Electronic Practice,52
SCI New general accounting,1127
Report Manager,86
CMOD Printout Management,505
Business Objects,179
150640 - A000-Finance Area,1384
ZAFI Credit Cards Company card extinction,993
WEBCARD Extinction,309
ZAFI Credit Cards Company Unblocking,996
WEBCARD Block and unblock card,307
ZAFI Credit Cards Blocking Company,991
DECORATE,1488
151430 - CMLT-Informative procedure,990
WORLD CHECK,493
"Watch, List",541
LAPE Reservation of account extinction,1136
SISCO Accounting management p.o. accommodations,362
ESTEROWEB Provisions pending,1066
FLAG Specific procedure for accounts with specific operations,1323
ABC/IDEA OTC derivatives,857
FLAG Activation Variation Integration and Query Contracts,1224
ESTEROWEB Automatic operations,1068
SIRE - Central Management/Foreign Network,425
MO99 Non-performing loans,1810
Policies - Intesa Sanpaolo Agents4You,1242
Monitoring Tools,789
Cyphon,803
Finance Area,1055
N600 Reservation of banknotes and coins remittance,1349
Target Counter Guide for operators,496
Banknote dashboard L2 - L3,121
NU00 Introduction,750
SOSCO Accounting management p.o. suspended,234
Cash dispensers,1327
Document archiving Archiving criteria Daily area,1315
Wincor pouring equipment,944
Payment equipment nr,943
Sigma pouring equipment,1238
BVGT0 ATM Terminal Manager,1245
Diebold pouring equipment,942
CREDE Generation of credentials for payments to affiliated customers,1039
RDOC0 Tracking and monitoring service Documentation Copy art 119 TUB.,1439
DEBCO Customer debit accounting transactions,1557
GETAB Printout Management,47
KQ00 Document Filing - Querying movements (13 CM Report),503
KQ00 Document Filing - Settlements Query (25 CM Printout),1203
GEMP Management of Precious Metals,1197
ARES External resources master data,129
Team,202
Security incident management infrastructure,410
LYRIC,1076
150145 - GIC-Credit Lending Management - Anti-Money Laundering Management,1667
RdA DSI,1536
ISP Art,1603
SAP Attendance and Absence Detection,734
RU administrative dashboard,592
External Database Portal Prejudicial News,1575
Assign blocks and IJBL alerts,100
MOPLE Problem Loans,697
SalesForce,531
MIIR Collection installments,141
GIC WEB TEG APR simulator,1819
CMLT-Suspension of Web Loans,473
155104 GIC Application access,1450
Web leasing,1435
MR00 Funct L Postponement of share capital Notice of ABI Municipality and lengthening of duration,1404
GF00 Trust,456
NPAF Advance Invoices - Management of advance invoices for outstanding portfolios - New PMI agreement 2015,42
PEF Electronic Practice of Regulatory Corporate Credit,1781
PDFCreator,1673
SAP R3 REFX Real estate processes,730
SAP R/3 Vendor invoices,1186
SAP R3 Contab Gen and Customers Customer master data,1645
Delphi,549
IDOC,138
Group Registry - Map of Groups,65
IJBL Current Accounts Blocks and Evidence,1383
PUSP Segments and Portfolio Unified Procedure,158
Register of Industrial Accounting and Service Contracts-OTI 2.0-Volumes Catalog,1538
Unique Registry of Industrial Accounting and Service Contracts-OTI 2.0-List,1540
Single Registry of Industrial Accounting and Service Contracts-OTI 2.0-Fees Catalog,1539
ONE Concession of Structured Finance Credit,74
SPPI Test Tool - Credits,823
OXERO,626
A000 Order Management,885
Market HUB,1151
Restricted Instrument List Bonds,70
ANTOT,346
Golden Source,1298
Tbricks,601
Current Accounts IY11 Exposure of movements,1300
IRIS WEB Customer Risk Management,1703
CrifGate Web Portal Crif EURISC Database,1616
155043 TV0D - DTE data management,796
Ce - Report,1633
Current Accounts IYA0/IYD0 Mass transactions,46
TaCo Stamp Duty Management,1895
DSO - Cont Ord PRMM,1801
R4 Suitability,1201
CSD-RTCE,646
Swift Alliance,983
ABACO POOL - Asset Collateralization Management,205
SCI New General Accounting for Traveling Items,1044
WEBCARD Questions,310
PRICE Potential Relationships and MLT Potential Relationships,1715
CoRe Contract Remote Banking Contract Management,1595
PowerPoint,1293
Single Registry of Industrial Accounting and Service Contracts-AU Catalogue,462
SLM Parent Company,1569
Office and Post,482
RISK - NET INF,652
Staging Area IML - Liquidity Risk System,1651
Financial Engine (ERMAS),1652
INSPIRE Intesa Sanpaolo Integrated Risk Analysis,1649
EDWH,1709
Orc Trader,808
Credit lending management,905
Factoring,1445
Trade and Export Finance,1607
Price,1485
UNITES,1413
Web tickets,1932
IML Area Reporting,1650
Concession of mortgage loans to individuals,1126
E-CAM Chamber of Commerce Multibank Information,927
DOCUM - Scanning of identity and corporate documents,1297
JURWEB Engine of Decision Making RWA,1731
MOPR0 Mortgage Monitoring Dashboard,1836
GepeWeb,780
ASSPE Foreign currencies shipment of negotiated checks,237
VEPAD Signature management on PAD,1911
VALUC Foreign currencies buying and selling foreign currency,1207
REFERENCE STANDARD SETTLEMENT INSTRUCTION,1246
QS Interface Partitari,1228
Remember INVESTIGATION function,375
Foreign Application System,1221
Mark-It,1170
Telekurs,1215
Interactive Data,1339
Euro TLX,1220
Italian Stock Exchange,860
BanCs,1580
150640 - A000-Securities Administration,1920
Synths,908
INTESAP HR,918
Offsite offer,1927
Athena,559
OGC0 Substitute tax for gross net payers - Forwarding of taxation,413
SCI New General Accounting Dashboard,1679
TSO extension,1752
GEPSU Management of Succession Procedures,184
Document archiving Archiving criteria Other documentation area,1314
A000 IPMS Average price inquiry for succession,1526
IJBL Current Accounts and Deposits Operating Blocks,1354
A000 GDSP Securities deposit management,1476
ZAFI Lock Unlock Card,958
Manager Dashboard,951
Cerved,773
Credit Portal Proposal Resolution,1933
Loan IQ,1337
Price range,651
PST - Pricing Securities Tool,1692
Suppliers Portal. Suppliers Register,1264
Single Calendar,1440
Data Copy Request Management,770
Kosmos - DB Registry,1081
IJBL Current Accounts and Reporting Deposits,1356
IJBL Current Accounts and Deposits Availability Blocks,1353
GEAUT Authorization Event Management,1597
SITCO Account Status,940
GECOdoc Management of Documentation confirmations,1190
WMT Web Management Tables,1493
ARF Register of Financial Reports,107
Welfare Hub,1934
FT01 Regulated derivatives,1074
"A000 Loading, unloading and compensation management",1154
SCI Integrated Accounting System,1728
MCT Target Accounting Model,1004
GEFLU Remote flow management sct,542
SAP R3 Accounting general Suppliers and Customers,1644
Unique Registry of Industrial Accounting and Service Contracts-Registers,43
ROMO,403
CAM,679
K-POS,598
SL Security Lending,351
System for connection with T2S and Monte Titoli,1253
Inbiz Products Trade,1831
GreenTrade,665
FAX Server,1553
DRM - Darwin,966
CRH Counterparty Risk Hub Counterparty Risk Management,748
"155021 - Confirmation management - SWIFT, E-MAIL and FAX channels",411
Check Dashboard,1015
Monitoring service contracts,591
IDM - Issuer Data Manager,458
SDM - Securities Data Manager,328
MDM - Market Data Manager,1646
Request Manager,972
NUMERIX,140
Risk Middle Ware - Credit Spread / Counterparty Association Management,259
Algo Risk Application,1482
MatLab,1434
qlikview,669
CNP Portal New Products Coordination,1019
CNP Portal Coordination of New Banca IMI Products,1017
VIACARD Card request,7
VIACARD Revoke card,6
VIACARD Position data changes,10
VIACARD Refurbishment of deteriorated paper,8
VIACARD Card heading change,9
TELEPASS FAMILY Operations performed on cards,1050
ZAFI Batch reception management,545
ZAFI Premise,546
TELEPASS FAMILY Contract reissue,1052
TELEPASS FAMILY Device transfer from another organization,1053
TELEPASS FAMILY Telepass request,1051
Hedge Links,1042
CRH Counterparty Risk Hub Counterparty Risk Management,749
NewTOn,1048
SAP FM Budget Availability Control Report,727
PAV,1734
Credit Portal Post Resolution Functionality,40
CORE Small Business Improvement Credit Portal,564
Corporate Improvement Credit Portal,114
Credit Portal for Micro Business Improvement,1695
RTCE,619
FC - HUB Control panels,1534
IFOX extension,1071
Poker. Position Keeping Repository,1800
MCT Accounting Model Suspended Targets and PAV Validation,1032
BET0 - ETRE,1817
UNE1 Archive management,338
Engagement Portal,1406
NID New Deployment Infrastructure,1931
Deal Tracker,1281
155123 Light joint,752
CLS Continuous Linked Settlements,538
Payplus - payment/maintenance and positon keeping CLS,447
FXM0 Cross border payments,123
NU00 Account management RICORA,1085
FinDB,775
CdG FIN,551
GDI Clients,1528
Short Selling,1319
Corinth,1848
remedy,737
LITIT Change of ownership,788
LIAGG Savings deposits update of the passbook,1887
LISOS Savings deposits replacement of the passbook,1611
WITHDRAW Withdrawal,574
LIEST Savings deposits extinction,1250
FLAG Specific process for Savings Deposits,1587
PAY Payment,573
Plafond Financial Institution,112
Salesforce CRM,1182
Group Overview,48
Credit workbench,881
O.Ma.R. Most important operations,1
RicoRA Introduction,377
R4A2 - Profiling - Insertion and Search of Questionnaires,73
150649 - DYNG-Gestioni Patrimoniali Adequacy control management,426
GIANOS 3D Quick Guide,1301
A000 STDA Storage print management,1478
Archiving of MIFID branch service contracts,861
LIQUIDITY POLICY SYSTEM,251
Group Management Reporting,1026
REPORTING MLT - STAGING AREA,806
Branch key register,1368
VEATM Pouring on atm equipment,813
Operator panel,945
Batch LA - Italian Current Accounts - Accounting ledger of accounts in Euros,286
SHIP Notifications to customers and printing of bank details,261
WEBCARD Utilities,313
OXero Rating Models - Project Finance,302
Group Rating Centralized and Override Ratings,1552
GRC Assignments,1002
Skipper,156
ICBP extension,1218
Analysis,1217
Brambilla titles,1219
Dealer Wizards,1214
GPO Bond Loan Management,1714
Help4U - Problem Management,1209
Register of Industrial Accounting and Service Contracts - Export Clausematch,299
BRB Business Requirement Book,1826
ALM Application Lifecycle Management,63
WSRR WebSphere Service Registry and Repository,1855
MyAPM Application Portfolio Management,1375
EPM Enterprise Project Management - Project Site,1336
PPNE Delivery and After Sales,1828
Installment postponement,1829
RATIN Loans for collection of installments,247
Credit portal,889
GIC - Anti-wear adjustments to data collection instructions for TEG calculation,467
WEB simulator TEG APR - SSA OF,919
ATLAS,1736
HP Service Manager,892
Table of types of signature commitments,1285
PRICE Procedure for Entering Economic Conditions,185
S8 Customer card Online Credit Matching and Uses,139
IF Signature Commitments,537
INTCO Value-added accounting operations,433
FINV Mutual Investment Funds Italian Law Foreign Law,61
N600 Introduction,553
SSB web portal,1623
VERAS Checks check checks,814
Document Filing CIB Practices,402
Small Business Retail Group rating,929
153161 - LN00 Personal loans to private individuals Loans,38
CEBI Bilanci Agricultural Companies,340
150316 C CEBI Reclassification Schemes - Consolidated Financial Statements,409
150316 E CEBI Chart of Accounts,57
150316 J CEBI Non Profit,360
150316 H CEBI Management of Assets and Dedicated Loans,60
CEBI Bilanci Agricultural Society Inquiry,1640
150316 F CEBI Control Manuals,58
CEBI System Tax Model Detection,1566
CEBI System Chart of Accounts and Fiscal Model Reclassification Schemes,1586
150316 D CEBI Reading Guide,1113
Public Entity Group Rating,1660
150316 G CEBI Coding Manual,59
150316 A CEBI User Manual,1254
150316 B CEBI Reclassification Schemes,132
Micro Business and Retail Group rating,1535
OXero LAF Leveraged & Acquisition Finance rating models,1906
Oxero Rating Models AF Asset Finance Model,1696
OXero CRE Commercial Real Estate rating models,1905
Price: Dashboard Corporate Conditions,1092
GCP Global Cash pooling international,1576
CRB Contracts Remote Contract Management,1094
Subscription Management,1730
SAP R3 Purchasing Goods receipt,1747
FXMonitor,499
ESTEROWEB Incoming wire transfers,1062
CAUI Controls AUI AML - CFT,1768
REMEMBER,603
IJBL Introduction,1351
ARIS,1174
Communion,896
DRFM Loan Dashboard,481
Smart Office,336
Pandora,648
ISIDE Management of notified tax deeds,155
DUR Documentation Unit Reporting,127
BMC Remedy IT Service Management,600
Factoring applications,195
Near Banking,1698
Customer Activation Generation of codes,177
SPECI - Paper Specimen Scan,1403
E-Catalog,1578
Factoring Proposals Portal,176
Services Portal,1290
Maximo - Asset Management for IBM SmartCloud,1636
IPAD - Iter Preparation Departmental Environments,1856
NJ00 Manager name,880
Visual Access Manager Access control and concierge management,979
Rubicon FX,676
ABC - Subscription and post-sale of the My Key contract,1599
Retail Group Early Warning System,763
CAMVA Exchange of securities and values,87
SAP Training Management,1732
Meganet Network structure monitoring,1806
GIC Management of complex incidents,297
ZAFI Merchant Management POS,1035
SAP R3 Real Estate,1766
Management Sal - document preparation,1727
ESVIB Value Management in White,523
ISIDORO - ORMA - Fields and main application controls,565
SIGMA,866
Risk orbit,615
MACS2 Application for CRMS adjustments,1710
PPM Project and Portfolio Management,1861
MailDocPRO Certified e-mail management,1138
FC-HUB,304
Exception and Investigations Interface,1886
FXS0 Inquiry Cross border payments,408
Data Governance Portal,1162
Collateralized Securities Suite (CSS),201
NSIL Actions for management of customers with insolvency,110
LINQ - Interest Settlement,1546
CQD - Data Quality Control,1923
NP00 Introduction and characteristics of the procedure,554
ESTEROWEB Web environment,1061
M0 - Advance Land Loans,347
Retail Lending Open - Consumer Credit Loans,17
KC0X Variation safe box contract management,186
SCI New General Accounting Various Items,1045
PGR Retail Management Portal Part 1,1912
@gile,355
SharePoint directions,1551
GateWay,1056
DIA Departmental Information System,1134
M.U. 153116 - Management Information Portal,1807
SAP R3 RE Contracts Payable Lease Contracts,731
155092 e-Catalog Economic Material,78
BORPE Management of Standing Transfer Orders,1830
SAP R3 REFX Contract Master Data,728
SAP R3 REFX Real Estate Registries,729
Small Business Group Early Warning System,1236
MCB Management Control Bricks,1103
XPLAIN extension,686
ALGO,656
risknet,637
OWO,640
BOD - Back Office Derivatives,475
Corinth MAF,550
MAF Manager,1904
harmony,635
Clearing Hub,653
IceLink,629
Web Tool,614
Bulk Action Tool,625
MarkitWire,673
CAREFUL Collections collection certificate of conformity,239
Car Documents and Similar Collection service for Certificates of Conformity,859
BJD1 Authorization query handling,1311
BJD1 Company contract management,1310
NP00 Intervention management,1683
NG00-Operation Inquiry,414
BJD1 Service execution mode,1307
SCI New General Accounting DATAMART Dynamic query of balances,1046
BU00 Administrative operations Certificates of Deposit,1664
BU00 Reversals and cancellations of Certificates of Deposit,1663
BU00 Certificates of Deposit queries,1665
XWEB Back Office Financial Institution,1859
TAX Manager Refund,1672
T2S - ECB Graphical User Interface,1872
SharePoint branches,937
PAA,602
HISBLE,878
GECAP - Booked check book management,1263
Authorization functions Introduction,883
ACEMI Issue of securities (bank drafts),77
ABIMP management of unpaid checks Web Dematerialisation of Checks,1630
GEURG Emergency Management,487
AAM1 Registry inquiry,757
AAPF Management of physical person,1098
AAPG Client Management Legal Entity Management,1099
Active invoicing,1678
EFAT Electronic Invoicing,369
ECS extension,674
Trajan,608
DTCC Portal,636
Rubicon ICS - Affirmation,638
Trade Web,1204
LCH extension,641
Rubicon ICS - Margin Calculator,645
Legal Sign Web,947
SOA Registry Entity,912
CCWEB Procurement of Large Users,1438
Informative ABC Showcase,926
Methodology portal,14
ZAFI Credit Cards Corporate Credit Individual Billing,1755
ZAFI Credit Cards Company SmartControl Card,441
ZAFI Credit Cards Credit Card Company,327
ZAFI Credit Cards Card delivery company,992
IDENT Infrastructural management of registry research,296
GESPA Match Management,183
SAP PA40 Data Management - Actions,444
CRMS-SAS,1160
GSS - System Services Management,1921
SIT Management Tools,1922
GRES Enterprise Security Request Management,1072
ABC CambiaBanca - Functionality for Centralized Structure,224
CrifGate WEB portal.,1772
BJD1 SIA company data,282
FX4Sales,639
FTConsole,666
LOL,605
Goliath,1247
A000 Finance area access,445
GK00 Management of consultation modification of signature and guarantee commitments,1760
GK00 Accounting verification of documents,1762
YUBIK Collaborative Fulfillment Interpretative Risk Detection Process,815
ETDFLOW,137
UTIL0 Use of checks GIC Customer position GIC,1146
SWIFT INTERFACE,587
WM - Workflow management application,1158
Credit Portal Personal loans to Employees,318
SAP R3 Purchasing Purchase requisition,1746
GIANOS 3D Completion of this due diligence recall questionnaires,1343
Bureau Van Dijk,642
PL PriceLab Workflow,1773
Suspension of WEB Loans,1867
N500 Single transfer entry,50
Helpdesk,1682
CMLT Section 1 Submission of new application and resolution,709
WMT Web Management Tables - Diagnostics,1756
Credit Risk system integration preprocessors,1188
EPM Enterprise Project Management - Project Client,153
Exception and Investigations Disclaimer Processes,342
PRFR0 system,69
DDGES Direct Debit Management,1671
GEMOD – Management of supervisory models,1449
BUY Document Management GELAV GEURG,486
NQ00 Introduction and Characteristics,193
NP00 - Service execution mode - gest present - pres eff paper,1124
BUY Tracking,95
153307 - e-Catalog - Office Machines,263
153304 - e-Catalog - General Section,1881
PRICE Insertion of a group derogation proposal,1370
MASS Massive operation of inserting bills of materials,246
CRB Configuration Products Introduction,453
JK46 Management of Holding Cash Relationships,917
Credit Portal Leasing functionality in PEF,1223
CHIUF Branch closure,240
151405 - Credit desk for accounting transactions,1919
Credit Management Portal,200
Sizing Tool,451
EBAAS From ABC to emission processes Policies,370
GECEN Batch permissions,1521
CRESE Management for simple credit use,1454
PINC Wallet Collections,916
PINC Presentation Management,1770
RBFIL Branch Remote Banking,84
NP00 - Service execution mode - present management - pres collections reba discount mav,1123
ReDo Document Repository,1243
ARC,1059
GeNo Regulatory Management,1244
TRBAN – Banking Transparency,561
Anti-fraud monitoring,950
BancaIdentity Service RAC USER GUIDE,1704
DAPY Investments,1550
AdG MdG Inquiry groups,1397
Small Application Practice Establishment,738
External Databases Portal Mortgage Surveys,1410
Credit Rating Dashboard,91
N600 Civetta bribe management,359
IDEA Corporate Regulatory Agreement,563
SALESFORCE Reference data completeness check,1003
FILESTORE,378
Payment cards - Intesa Sanpaolo Agents4You,1239
LAPE Web,1613
IJBL Current Accounts and Deposits Exhibition Research,1355
MyKey Business,1235
P000 Inps pensions,1284
N500 Management of permanent transfers management of variations,422
Document archiving Archiving criteria Extinct relationships area,1316
ENRR Network foreign reporting requests,1332
KC0X Query Lockbox Contract Management,106
IJBL Bank Check Management,1359
GIANOS 3D Compilation of this adequate verification occasional operation,1341
150809 - EM00-Foreign Goods -New interface for foreign transactions,300
ESTEROWEB Foreign transfer transfer map,1063
"A000 Management of loading, unloading and compensation Introduction",210
IJBL Bank Check Management Account evidence management,1358
CMLT Section 5 Management Functions,1180
FILE SHARING Target,1266
LGD-EAD Departmental dashboard,1267
LGD-EAD Host System,82
PD WEB laboratory,804
SAP R3 Purchasing Purchase order,1748
PEACE,687
CMLT Early repayment Web Mortgages,144
ACDUP Bank check duplication WEB,236
GHRX Bankers Checks and Wire Transfer Inquiry Management,1860
J6TP Operational functions PASS,99
RMW Risk Middleware,460
PHS Portfolio Hierarchy Server,870
ARPM extension,873
are,871
aces,872
PCRE Portfolio Credit Risk Engine,969
LDM extension,459
CEMS extension,1248
N650 Introduction,390
BOX Messaging HUB Branches Companies,385
STORA - Check History Search,290
RICAS Title search grants,248
P000 Inps temporary benefits,1040
ZAFI Partial refund,963
QUANTUM,256
Staging Bonds Preprocessor,1832
SAS-BRM,882
Staging Allocation Engine,1014
SAS - MIP,1176
SAS RRM Calculation Engine for Credit Risk,820
CDM Tagetik,361
FINV Operations in funds General notes,1273
MOPLE Unlikely to Pay Access to the application,703
TRIRESOLVE,1833
QDH Quadrature Flows,27
LIST - LookOut Module MM Duty Violation,654
LIST - Look Out - MM Reports module,632
ION Trading,618
LIST - LookOut - MM Activity module,657
MK Remuneration of foreign bank accounts,1845
SetWeb,1385
SAP BPM Workflow Accounts Payable,1225
SAP BPM Workflow Active Cycle Electronic Invoicing and Accounting Checks,768
NK00 Termination of the contract,169
NK00 Owner data consultation,168
Securities Depositors,495
GETI Payment message routing management,739
Payment Dashboard,771
ALGO - Investment Bank Collateral Management,1097
Web Adjustments,1783
Coope - BIA BCP,560
CRB Products Trade INBIZ,558
SmartTrade LiquidityFX,582
SIRE Credit management of Collateral,566
SAP BPM Workflow Active Cycle,1380
SAP R3 Accounts Payable,1643
SAP BPM Monitor closing accounts,1590
SAP BPM Accounting Assessments,1589
Mid and Large Corporate EVA simulators,1847
CPRU Loading of exit provisionals,844
CPRE Loading of entry provisionals,843
ITCC Query of current accounts totals,1466
JERICHO Initial Access Map,1825
H2A0 - TESOENTI collateral applications and controls,1455
VAEN Variation Entities,1431
Table of technical forms of assignment,1041
SIRE Assisted credit line loading and changes tracking,769
Outsourcing process,548
Passive surrogates,767
SSF SAP SuccessFactors,130
ZAFI Methods of execution of the contract management service pos,1638
Customer Journey POS Sale,136
SCANS Document Management Scan documents,1609
GELAV Provision processing,0
DESBO Destination Transfers,715
EBA IWS Interactive Workstation,449
Fast Trade,805
NK00 Channel or pin unblocking blocks,167
N500 Bank Transfers Italy Introduction,49
ZAFI Private credit card Card extinction,821
Revolving Cards Coin management blocks unlocks,1446
ZAFI Products SETEFI paper extinction,19
ZAFI Debit Cards Card Cancellation,22
ZAFI Payment cards Carta Targa,1621
MTX MONTETITOLI,254
IJBL Current Account and Deposit Management,1360
ZAFI Card Information,18
HR Infinity,1838
SAP PY Loan Management,1655
Solidarity Fund Application for managing membership requests,1592
Solidarity Fund Consap web portal,1593
CMLT suspension of solidarity fund mortgage installments and authorized suspensions,405
SAS Tool for validation,51
DIARY 231,1777
*MA MdG Inquiry groups*,1790
MOPLE Unlikely to Pay Batch request,854
MOPLE Non-performing Batch request,855
VDM - Mass variations,488
BPoint,1442
ACCIDENT Collective PASS,984
EBAAS After Sales Damage,371
Gianos 4D QAV Compilation Process,83
MV Clear agreements on the transfer of banking products,1231
AdG MdG Management of Connected Persons,1394
New Bank Loan Offer,1376
Streeling,976
155102 Business Object Info View,1183
CCWEB Cash Management and Central Cash Transport,326
Moodys,623
SPPI Test Tool - Titles,80
N600 Shipping and Transport Materiality Management,1405
N650 Order accounts management,1776
NU00 UNITES Correspondent Banks,1194
Monetary basis,41
Door,250
Gari 2000 Montetitoli in monetary base,1815
KSO Kedrios Subscribers,772
DSO - Diaries MT721,1023
A000 Equity Operations,1519
A000 IDEP Deposit registry inquiry,1477
KCA extension,544
DSO - MT-X fee calculation (for issuers),1038
Intesa Sanpaolo Insider List,1077
BIC Asset Management,1625
EBASS,1606
Centralized File Sharing - Data Normalization,428
Eikon,1605
JERICHO Map for Authorizations by Authorization Role delegate and assist operat.,1822
Health Safety and Environment Portal,450
SAP HR PORTAL,1110
Customer Journey POS Sale - Intesa Sanpaolo Agents4You,1913
Revenue engine and fee and KPI engine,583
Portal for uploading product sheets and Primary Market and PCT subscription sheets,478
SAP Data Management,1251
PEF - Fidos Electronic Practice,90
TWS - Automatic host and departmental batch processing scheduler,740
New Asset Dialogue - Company Asset Management,1408
Credit Portal - Mortgages to Individuals,383
WePOG,1866
Tagetik Group VAT,590
DQM Accounting Controls,1804
External Database Portal Introduction to the Portal,1574
LOAD Criticality Assessment Row Input Collection,13
Qlik Data Visualization,12
CDM Counterparty Data Manager,1898
ALGO Management of collateral in finance,1648
Intesasuite,867
Algosuite,868
Customer Journey Breakdown,81
Trust portal,589
SAP Reporting Travel BW,1119
AdG MdG Management of supply chain groups,1393
Credit Grant Dashboard Customer Eligibility,588
Credit Portal Management Watch List,1547
E-CAM View Document,1820
eMarket Storage,1720
NIS - Network Information System,1896
CAD Commissioning Promoters,1365
Skyfall platform,1057
Application Chain - Enterprise Architecture Dashboard,921
Agency tool,1058
Tenable Compliance Suite Console,593
CRECO Customer credit accounting operations,1080
RA.DO. UMDO Report Management,1115
XME Cheers,903
XS01 – Capital gain menu,765
F24 Online,1718
Business channels and remote banking,1862
Factoring - CZ Litigation Management,785
CERT0 – Event certification.,1156
MOPLE Problem Loans Access to the application,1111
DQM extension,801
MOPLE Probable Defaults Suspended Lists,706
155096 A GAUDI Automated Management of Mortgage Data - Branches,1178
Credit Management Portal Credit Analytics,415
E-CAM New request,571
PRICE Membership disconnection from convention,146
DRM - Process Launcher,971
CCWEB Cash Management Reporting Consultation,325
GVDC Data for Cash Verification,1914
IPAR Query of institution parameters,1463
MDST Document lists menu,1473
VDST Bill validation,1559
HU00 Cash and treasury services,125
MMAN Mandates menu,1501
GERMAN,182
ITBI Query of Banca Italia totals,1465
ITES Query of year totals,1468
IACB Query of Banki credits,1417
IDIS Availability Query,1467
IMOV Movement query,1425
SAP R3 REFX Tax Registry,732
CEBI Central Balance Manuals,1849
Inbiz Approval Rules,142
Roller Cash Slots,1716
ANTIR - Anti-Money Laundering Reports,766
CRESP Use of Simple Credit,1381
GM00 Anti-money laundering monitor management,161
"A000 Loading, unloading and compensation management",211
NU00 Management of Entry and List of Movement Requests from Branch for B.O.,1083
GSTA – Management of reserved prints,265
MSTA Reserved prints menu,1565
GEBS Management of stamp duties and expenses charged to the institution,847
MENT Menu management bodies and exercises,1499
INCC Account query,1456
PMAN Reservation of document extinction for cash,1787
GDLE Cash management (mein),1563
IDLE Query liquidity (mein),1564
VECA Cash Check Online,1560
Document archiving,330
GRC - Controls Module,1634
AdG MdG Registry research,1400
Easy Loan For You,343
FINRI Early repayment loans,243
EBAAS Early Termination Policy,372
Modelity Structures system,1598
Deproem,604
Bit-LOL,660
Smart houses,1786
Single Industrial Accounting Registry and Service Contracts-CPC Management-Tables Management,1541
Unique Industrial Accounting Registry and Service Contracts-CPC Management-Volume Consolidation,1794
Unique Industrial Accounting Registry and Service Contracts-CPC Management-Volume Processing,1793
Unique Industrial Accounting Registry and Service Contracts-CPC Management-Volume Trend Analysis,1795
Unique Industrial Accounting Registry and Service Contracts-CPC Management-Flow Verification,1791
Unified Registry of Industrial Accounting and Service Contracts-CPC Management-Adjustment Management,1792
Industrial Accounting Registry and Service Contracts-Industrial Accounting- RDC Catalog,1797
Register of Industrial Accounting and Service Contracts - Dashboard,44
Galileo,1788
Central Risks,518
Industrial Accounting Registry and Service Contracts-Industrial Accounting- Pricing Catalog,1799
Adobe Acrobat Pro Legal Sign,534
Credit Portal PEF5 Preliminary filter,1181
Resolution sheet,479
GPD Credit Practice Management in Resolution,1452
Office AnaCredit,1328
Document management of the Corrections,539
Tableau de Bord QD,1889
E-LEARNING TRAINING PORTAL,986
ENTER TEL,1159
PAY 4 - Payroll Management,11
SAP R3 Purchasing,293
SAP PY Payroll,1654
PIGNO Management of Foreclosure Practices Central Structure,1751
VPC Evaluation of Factoring Customer Portfolio,1157
BJIS Inquiry,1230
Non-Performing Credit Management Main application functions,989
A000 SUBS Subscription management,722
150654 - Adequacy Assessment - Transaction R4 Assignment of financial profile,1877
"A000 GOPP Management of OPA, OPS, OPV",829
A000 IPAF Branch basket,720
Pension Funds – Intesa Sanpaolo Agents4You,506
150654 - R4A3-Application Menu,71
WFP Workflow Focal Points,1259
VAREC Change in contact details,547
Wisemap,997
A000 Securities Lending Form,1841
FINV Transaction QVQ1 functionality menu,1278
BU00 Access Certificates of Deposit,585
PAD Archiving of digital documentation of historical interest,753
N600 Reservation remitted other values,1348
N650 Cumulative position management of initial load values,391
CLOSE Closing work session management,228
N650 Management of cumulative positions of unloading values,392
Calculation Agent for Servicing Bank,1105
Wire transfers,543
Dashboard EMC2 Enterprise Management Console for Pillar II,2
ERMAS User Manual - Regulatory Liquidity,980
Archdef,64
150385 PP00/CPC Credit Position Control,982
KC0X Electronic register management,192
KC0X Extinguishment safety deposit box contract management,104
E-Catalog Other Materials and Services,180
Salesforce CRM english version,119
Protection Policies,1490
Protection policies,1489
SHS Office,998
OUR ACCOUNT LIQUIDITY,320
Remember Investigation,807
BKT BACK OFFICE TITLES,777
CDR-D0,933
DNF Mod770 Ordinary Tax Substitutes,1918
DN Dec. Substitute Tax,1894
Mod770 Substitutes of Tax,1917
WORKFLOW management,1192
EPC Ex Parte Creditoris,1407
PiRCo - Directors,1234
Microsoft Power BI,894
Update Reference Price,609
LAPS Local Administrator Password Solution,329
ALCO0 Technical User Password Generator,520
DYNG Funct.04 Withdrawals/Revocations/Spins/Other,724
Centralized archiving OTC derivatives for BdT,199
E-CAM Task List,570
Assignment of one fifth of salary and Advance TFS reporting to Prestitalia,494
Prospect Registry – Front-end customer master data management,1556
TOTEM MARK-IT,663
INTRANET AND OFFICE AUTOMATION,150
MicroStrategy - Web Reporting,1382
SLM Directorates DSI DCO ISCB,1809
BOFinance,1719
MOPLE Problem Loans Administrative States Suspended Lists,1287
MOPLE Problem Loans Research Administrative States,702
TdB Risk data upload portal,790
KI portal,1897
MOGENI Monitoring institutional entities guarantees,1774
Liquidity Risk System,575
SMART Supervisory reports,335
153199 - GIC Management of credit loans - Sectional Registry,1936
Reuters Dealing phase 1,758
E-Mider,1205
Exception and Investigations ENIF KYC activity,432
Cyrcular Anti-Money Laundering Portal,586
GIANOS 3D Risk profile revision,1153
PEGA CIB Clients Onboarding,513
TigerZ,1193
RCD Digital Certificate Request,1686
CRB Cash Management SWIFT CCCO-ESCO MT940,1853
CRB Cash Management SWIFT MOVIM MT942,1854
CRB Cash Management SWIFT CBE MT941,1852
CoRe - CRB SWIFT BONREM,1415
IAR Reporting of a suspicious money laundering transaction,54
OA Taxation of financial income,412
150037 XS01 Tax Pole,760
SME Retail evolution,1034
Retail Group rating,1011
Guarantee Identity Manager,1037
SAP Proxy Management,502
Credit Management Portal Prelios Extended Management,530
SAP R3 Accounting Suppliers Flow INBIZ,1121
Judiciary investigations,515
KC0X Mailbox management,1258
Employee loans,1198
SAP PY TFR and supplementary pension,1656
JERICHO Map events by inserter role,1823
JERICHO Question map,1824
J6TP Premise,96
J6TP CAPRI operating functions,98
NACT0 - Letter to the Prefect,498
ESTEROWEB Foreign transfer,1065
150809 - EM04 - Foreign Freight - New interface for foreign transactions,301
WIMT Where is my Trade,899
MMSR – Money Market Statistical Reporting,305
GPO Cancellation of titles,1700
GPO Interest Rates,1702
N600 Confirmation of receipt of envelope,1344
AO0 Calling of shareholders meetings,469
New Employee Loan Offer,109
Hub Operations MIFID Service Contract Storage,863
Archiving of service contracts MIFID Anomaly management,862
Taxes and Duties DUNI Delegate F24 Central Operations Department,1256
Taxes and Duties DUNI Delegation F24 Branches,1869
PULSE Formalization platform,900
Collection platform,1196
OCS Personal Loans,1844
MV Patti Chiari Transferability of banking products DTT service for branches,1610
HW0R Personalized management of customer communications,1627
Supplier Administration,1091
M/L term credit - Central Offices,1890
Revenue Agency - Telematic Desktop,348
IMI-SYND,627
Issue Net,621
E-VISUM,743
JN0I Management and inquiry of swift messages,1635
N500 Wire Transfers Italy Permanent Wire Transfers Premise,421
VWBR/VWPF Query and/or send Swifts,33
ESICO Accounting operations disbursement of values,229
ESPOV Exposure value drawer management,230
PASS Management of value transfer drawer,232
Credit Portal Improvement of Employee Loans,779
SCD Station Control Status,287
SAP OM Organizational Management,999
QUMA Quadrature Matrix,1608
SmartADI,800
CHICO Web - RNI,1775
GeVoc Accounting Volture Management,735
FLAG Service management contract data variation function,1325
WEBCARDS Introduction,311
NPAF Advance Invoices,1114
GK00 Common functions warranty actions,1759
LAPE Check extinction request,914
MOPLE Non-performing Access to the application,698
FLAG Reservation function,1324
KC0X Box management,103
PL PriceLab Monitoring,117
MOPLE Non-performing Legal Practice Research,418
RPC,672
SALENT,1161
BFD - Modeled Layer - Target Accounting Model,762
Management ADV Financial Institution,930
GIANOS 3D MCI Due Diligence Questionnaire,1433
SL - Securities Lending Management,683
Anacredit reporting,906
DACO Investments,1437
Pension Advance - Dashboard,292
External databases,181
cms,655
fx extension,612
Sale of Amortization Options on mortgages and personal loans,1296
Industrial Accounting Registry and Service Contracts-Industrial Accounting- RVP Catalog,1798
Engine Fair Value Guarantees,1707
MACS1 Basel 2 Preprocessor Adjustments,1711
Coope - Checks and tests section,1722
Olympus dashboard,423
PINC Portfolio Collections Treasury Post,113
Credit Portal Perfecting Private Loans,508
GK00 Functionality,1758
M0 - Anti-wear adjustments to data collection instructions for TEG calculation,466
For Merit Loan of Hope,1106
CHCI0 - Integrated Change Console 2.0,1629
RMOI0 - Availability management,128
DSMatch,617
HZ01 Single Telematic Treasury,92
CAMS Loading mandates with only one sub,837
CABE Loading beneficiaries,834
ICCC CC balances between hu and cc procedure (mein),1418
PL Price Lab,115
MA MdG Inquiry Registry,1398
PL PriceLab Offer,116
UN - UNITES,631
Document Filing Check Area Filing Criteria,831
Date Dictionary,977
ZAFI Revocation Management Service execution mode,1006
NMF - Tax Monitoring,1729
Disc0 Disclaimers,1851
WebCard Queries about Group cards and services,32
SIMEC - Euro Card Monitoring System,1779
UCAMP - Notification of cards from other institutes,1542
DYNG,1524
Assignment of the fifth of the Prestitalia pension,938
Easy Export Portal,1169
MOPLE Unlikely to pay Classification proposal,707
FLAGS Introduction,1835
DBDRFM,1617
Factoring - FO24 web,783
Factoring - Rules Management,787
Factoring - GS00,786
Optimy,1318
DAF payment portal,124
Hyperion Web Analysis reports,178
INCA Query budget chapters,1427
VABI Change in budget chapters,1513
CABI Loading budget chapters,835
ICTS Query treasurers account,271
GBIL Budget management,264
VAES Year change,266
INES Query exercises,1461
IFPV Interrogation of a tied multi-year fund,270
GDEL Management of resolutions for new schemes,267
GFPV Management of multi-year restricted fund,268
IDEL Query of resolutions for new schemes,269
VABE Change in beneficiaries,1512
INBI Query of financial statements,1426
INDB Question of budget resolutions,1457
GEDB Loading resolution totals,848
CAVB Loading changes in the financial statements,839
KC0X Management of cash payments,189
KC0X Management of entry lockbox contract,105
KC0X Custody services Safety deposit boxes and closed envelopes,354
SPECO Expense management accounting operations,235
GK00 Plant,1761
Connective Box,36
DOD simulator,429
AdG MdG Group management 136,1395
NOVIM New Real Estate Enhancement Offer,1687
SAP PA30 Master Data Management - Update,443
GEO Organizational Entity Management,1000
SAP R3 CdG Cost Center Master Data,1764
SAP SIGI SOA Unified Master Data,28
Rubicon Certificates,1088
Swift Alliance ICM Webstation Central Bank,1916
150861 - FXJ0-cross-border payments,858
EBA PWS Interactive Workstation,1531
ASNA Contract Management,420
DSI Private Cloud,1412
NK00 Start contract pg,166
NK00 Tariff,174
NK00 Management of Multichannel Contracts Introduction,163
NK00 List of contracts,173
D401 Classification of customers,875
NK00 Matching opt,164
NK00 Print management,171
CEBI Spimi,93
GESDD Direct Debit Management,1888
POSTEL Certain date service,948
A000 ISOR Inquiry requesting subscriptions,1329
LAPE Main menu,1135
GEBON Transfer Management,716
LAPE Communications to the customer,1137
TELEPASS FAMILY Information by location,1049
BRACC BRGES Management of savings bonds,388
ESTEROWEB Waiting Account Processing,463
ESTEROWEB Easy Export framework contract,957
AdG MdG Group monitoring and Historical Inquiry,1399
BEMB International Banks MultiBanca,1743
Quality synthesis dashboard,799
GAUT Authorization management,519
Match Points,491
MCT Accounting Model Target Inventory Book,31
OU Omnibus accounts,953
OG Gross net tax substitute tax,1210
ZAFI Credit Cards Company Debit and Deposit Card,1839
DSO - Loans - Balancing and controls,741
Current Accounts - IYOS - Time Cash in Euros,275
BU00 Certificates of Deposit,1237
Wallet,1596
Datamart,555
KondorImport WEB Interface,324
Web TP,1133
ALMPro,1568
M770,387
CCP reports,689
Mople Unlikely to Pay Credit Assessment,711
Current accounts - Intesa Sanpaolo Agents4You,1240
COBE0 Copernicus Fair Value Credits,442
MOPLE Non-performing Credit rating,1567
My Key - Intesa Sanpaolo Agents4You,1241
PINC Create Report,1769
NP00 - Service execution mode - same day cancellation - reports transfer,1684
BROWS Browser Operation,468
LIMOV Movement list,66
BLOOMBERG DATA LICENSE,1763
GIANOS 3D Completion of this adequate verification of company and incapable person,1342
FLAG Specific procedure for ordinary account and similar,1588
DWH and Reporting,223
JCLCheck,1131
JADe,1132
Estream Documentation,504
ESTEROWEB Payment schedule,713
BUY Search for documentation,485
VUMAS Vulnerability Management System,62
TODEAL COLTIT - Access Client to Aste Bankit,1642
A000 ITDE Inquiry deposit transfers,220
A000 IRCF Inquiry confirm branch change request,219
A000 GRCF Branch change request management,216
SAP R3 Purchasing Certification of service performance,1745
Factoring - Repayment Plans,784
FOR motor,1834
BU00 Issue of Certificates of Deposit,1661
BU00 Changes in Certificates of Deposit,1662
N650 Management of single positions closing position,394
N650 Queries,400
N600 Confirm package to carrier,1345
T300 Lottomatica Introduction,1657
T300 Lottomatica The reservation handling procedure,1658
N600 Delivery of remittance parcels,1346
N650 Management of single positions forwarding values,396
"N650 Management of single positions, return of values to p.o",397
Aladdin – Robo4 Advisor,1451
PerTe Loan Public Employees and MEF,1147
INPS Retired Loan for you,1753
N500 Bank transfers Italy,1295
Market HUB portal,643
E-Boards,876
CRH Counterparty Risk Hub Counterparty Risk Management,1073
ED Reference standard settlement instruction,276
SL Security Lending,524
LC0S Management of customer orders Payment schedule,1128
GEFAX Fax Management,1721
MAPS extension,1305
BOXR Central Box Operations,717
Exception and Investigations Securities investigation processes,386
Register of Derivatives Listed Orders - MOTP,1232
FFastFill Trading Pro,680
Web ICE,647
Ice,678
Bloomberg Electronic Platform,316
AloneIDEM,622
Work Station GUI,527
FIX TRADING,628
A000 IMOV Inquiry movements,719
SAS - interface with CDM Number machine,1675
LookOut,675
GeRICo Risk Management Allocation of Income Statement,825
ABC CambiaBanca - Functionality by Branch,1749
GEMUL Multiple bank transfers for distinct management,244
BOMUL Multiple transfers Entering provisions,1363
Document archiving Documentation request search Other documentation area,1317
DDCAM Transfer Orders,118
TX00 Clear terms of portability,1212
SAP CO - Management Control,1280
Abroad WEB Interfaces DOF Abroad,206
IntelliMatch Confirmation Matching,194
SWIFT Certificate Centre,480
Qualys,1479
Sponsorship management,1802
BJPA Negotiation of Meal Vouchers and Holiday Vouchers,39
ZAFI Account Association,20
KC0X Closed envelope contract management,187
KC0X Management of late payment management,188
KC0X Premise,102
KC0X Management of reversal payments for overdue,190
KC0X Payment management,191
PAGEF Receipts,1361
TAS Teleclearing Express II,754
MOPLE Probable Defaults Research Legal Practice,705
LISTS Foreign currencies acquisition of price lists,245
IRIS Customer Risk Management Segmented customers Corporate Regulatory,273
A000 STIT Synthetic securities inquiry,723
Taxes and duties DPTS Proxy F23,1789
E-Views,526
Matrix calculation engine,1013
Group rating - Bank model,148
A000 Management of Administered Deposits,472
NK00 Multichannel Contract Management,1177
Current Accounts IY12 Account movements,1612
E-CAM Requestable documents,569
WEBCARD Warehouse management,364
ZAFI Credit Cards Card Reissue Company,995
DB Eng,1694
JERICHO Map administration,1821
GarWatch Fund First House,1496
CMLT Section 0 Introduction Application and Safety,1870
CMLT Change in installment due date and contractual options on Domus mortgages,1925
ABC Personal Loans Platform,911
NZ00 Foreign specialist,1016
CRB Remote Contracts Product configuration,4
NPL Simulator,303
Industrial Dialogue – NPL Simulator,1484
GIC - TEG APR calculation simulator,1628
A000 GRBA Assembly Ticket Request Management,1626
GVIN Restrictions Management in A000 Finance Area,437
SAS VA,978
MICN0 Integration services for compliant storage,1529
MFED ACROMET,822
Strengthening Control Systems,262
Geocall,407
WEB App KYC,1171
CENOC Occasional customer census,1364
DYNG Func.01 Contract management/Product variation,879
Remote Banking LC0M Branch Monitoring,1677
A000 GNPV Management of traveling consignments,215
MR00 CMLT Capital contributions Leasing Third-party interest,1641
MR00 CMLT Investment Program,341
DTCC Management of credit derivative confirmations,1697
155133 FH00 Bank Registry,1907
MOPLE Bad debts Classification proposal,856
MOPLE Non-performing Suspended Lists,700
EPC,925
MOPLE Bad debts Accounting operations and allocations,699
MOPLE Unlikely to Pay Transfer of files,708
Checks,1060
NAIM Foreword,791
TOTAS Totalization checks settlement contract tit negotiated,811
Accounting and Traveling Entries,1750
N601 Institute parameters,901
DSI Levels of Service,416
Tagetik TOOL DAC 6,1527
CAPMAN Performance and Consumption,1522
BUY Validation of documentation,484
F24IN Collections Tax collection model F24,241
F24NW F24 processing with OCR for DCO,29
RETAS Check Revision Web Check Dematerialization,1631
WEBCARD Waiver of the Groups card,365
ZAFI Waiver with refund,964
WEBCARD Queries on positions,363
NAIM Signal Management Service Execution Mode interbank.,792
155135 ISAC SEPA,1882
Check management and securities research Introduction,101
BJD1 Authorizations to charge,381
NK00 Switching on contract pf,165
Gary 2000,1378
Disc0 Disclaimers,1653
Disc0 Disclaimers Patti Chiari,1893
ICM Information and Control Module,448
Kondor + IMI,197
VECON Affiliated customer credit,1453
Y0 SEPA Direct Debit management,277
PW00 Placement Report Transfer Management,1334
Integration Services RUD->Arch. according to law,1150
MA MdG Introduction,1392
IJBL Bank Check Management Check evidence management,1357
NU00 Management of monthly movements,1086
CCWEB - Web Central Cashier,1926
Characteristic elements of the screens,225
Checks RICAS search for checks,1808
DDACC SDD selective management,1271
FINDO Loans domiciliation payments,242
CBORI extension,907
FINV Exposure of movements,1274
FINV Entering customer questions,1277
SNOW Third Party Security Portal,1010
BU00 Accounting operations Certificates of Deposit,1666
MDEP Security deposit menu,1472
CCWEB ATM Management Outsourced Management,160
Current Accounts LAPE Reservation of c/c extinction,1778
CAD - GINP - Management of input parameters for accounting and reporting,349
SIRE Fixed Income,457
NP00 Portfolio procedure,1614
155144 Foreign SFA,1491
PUSP Procédures Unifiées Segments et Portefeuilles,1669
NPCE Wallet in use Centralized Back Office,1739
Bank transfers Italy N5K0 Transfers query,1109
BODES Transfers destination transfers arriving,120
Trader Desktop,280
Unique Registry of Industrial Accounting and Service Contracts-Personal Data-KPI,935
Load log historical archive,1533
Management of vault packages,500
"A000 GNCS Loading, unloading and compensation management",213
Reporting,461
Data Management,1878
DSO - Agenda 3270,1814
MCT Accounting Model Processing Master Data Target,1029
COBL0 Collateralisation of bank loans,915
QUATM ATM MTA balancing work session management,233
IJBL Cashiers checks,1352
ICRO Question C.R.O,1419
AUTH Authorization functions,379
LLIN Infrastructure Counts Inquiry Settlements and Account Situation,954
150859 - ETJB-Exposure of international cash management operations,314
LB0M Cash Management Monitoring,1668
MCT Accounting Model Target Processing,1030
TV0D,1252
SCI New General Accounting DATAMART Balance sheet pyramid,1047
Payment HUB platform,1863
WeRep,1441
E-MID,1780
Cash and Treasury TESIN Operation TESIN Collection Prov. ticket,1388
Unique Contracts Repository,1785
SAP R3 REFX Integration with Geoweb,1260
Contracted expense management,1555
Register of Industrial Accounting and Service Contracts - DBEI,45
Algorithmic Indices Platform,865
Garwatch Management of portfolio guarantees,1875
BL Billing Corporate,56
BL Billing Enterprises,497
PoRE Real Estate Portal,345
WeData,1693
DWR,1840
Related Party Transactions,1175
MDA Master Personal data,797
CLEARSTREAM,1737
Finance - ICS,613
Remember TITLES function,376
SFT verifier,470
Public Apps - Google Play Store and Apple App Store,285
Private Apps - Airwatch,284
IBM Control Desk,1222
Endevor,1257
STMS - Change Management SAP,913
TivoliWeb 2.0,692
FINV Plan management,1276
GOBI Accounting Procedure,260
SMP/E System Modification Program Extended,694
HCD Hardware Configuration Definition,693
EUReg Controls EU regulation 2015 847,1850
NIS extension,650
EM20 - Wire transfers,1619
Checks STORA checks history search,1079
RICAS Search for Web Securities Dematerialisation of checks,1632
PAES Search for payment instructions for Branches,1767
MBON Temporary transfer management,1470
TESIN Treasury institutions Collection management,809
Cash and Treasury Services TESPA TESIN,291
TEMUL Treasury Services Management of Collections and Payments.,452
Group Counterparties Registry,1118
GTCZ Condition management,1416
IDOC Query documents,1420
GIROC Giro account,579
TESCC Treasury management bodies movements on treasury account,249
155032 Cash and Treasury Services TESCC,1155
INPR Provisional question,1462
eb extension,1691
CAD - GOUT - Management of output parameters for accounting and reporting,350
Customer Satisfaction Survey,535
Contingency Toolbox,1249
Credit Monitoring Portal,438
ESTEROWEB Management Unpaid,1021
ESTEROWEB Operation Blocks,521
CIRCE,1447
Credit Risk Mitigation CRM engine,1708
Credit Portal Guarantees of new procedure Active Guarantees,1602
SITRAEM,682
EBSO Foreign Operations Statistics,1306
CVA PV HUB Aggregator,1480
ASE - Algo Scenario Engine,869
TAS Teleclearing System,755
GTT Treasury Securities Management,1577
A000 GPCT Repo management,830
A000 GCVP Basket trading management,827
ENRR Back Office foreign reporting requests,1331
ETBL Block accounts in currency,1001
Data Repository,135
CSA management,1033
CSA management,1303
GIROV Management of operator value drawer,231
CSA Operator Menu,1149
FFastFill,684
IS,1216
CAD Finance Area Procedures,1028
Inflation Pricer,1206
Promontory SCPV,1429
XRA Counting of continuous overruns,1409
Checks GEAS Management of bank drafts,886
PMPI Multiple Payment Foreclosures,1140
PPIG Single Payment Foreclosures,1141
Management of the New Born Credit Fund,1270
CMLT Inquiry WEB,1498
DRM - Report Manager,975
A000 DAYS Order entry management,828
DYNG Offsite offer,888
ZAFI Balance available,965
Netreveal Management of anomalous activities and suspicious reports,1148
New Supplier Portal,817
TigerZ Premise,435
EEAC - Exchange message management,24
Creation online,1164
EC07 - Transfer in currency,1816
GK00 Issue of pledge on administered deposit,1757
A000 ISAV Inquiry balances,721
Request Business Cards,1706
CAUI Controls AUI Headquarters,357
G4LG-Commission Management,323
GPO Initialization of the database,1701
Megarete assaults on staff,1818
ABC Control table Power supply parametrization rules,1712
New PMI Agreement 2019 Lengthening ML,1167
New PMI Agreement 2019 Suspension of installments and BT extension,1166
Evolutionary Requests and Macro-estimates,207
Functional Test Dashboard,1043
RECOI,1122
ZW0M Standard Table Management,512
CRC Certifications for Auditors,890
Deposit Certificates,1930
PINC Portfolio Evidence,1771
RECE0 Reporting and Hedging,1005
BJIS Collections at the counter,712
Factoring - Collection Portal,782
ZAFI Payment cards Carta SI Viacard Telepass,446
BTS extension,649
SAP Expense Report Approval,1120
Credoc Web ISP General Principles and Common Standards,774
XS01- CAPITAL GAIN,492
DEVCF Device Configuration,476
LRS WEB Rate Risk Data Management and Processing Dashboard,1173
DMP2 - Data management Pillar II,928
Irion DQ – Registry - data analysis for the Revenue Agency,1676
Credit Risk Pillar II - Calculation of Economic Capital,331
Credit Risk Pillar II - PD and TD,88
Data acquisition and preprocessing for SSM,824
ZAFI Methods of execution of the contract reprinting service pos,1007
Post-Sales POS Customer Journey,1432
ZAFI Methods of execution of the contract variation service pos,1639
E-Catalog Ticket Web Values,406
AARN Registry report,1579
RTC Rational Departmental Team Concert,373
Aldon,529
GIT GitHub Enterprise,1871
Rational Clear Case,973
MORC Accounting Rules Engine,567
PGA guarantees table,319
MAC,1165
OMGEO-CTM,1481
TRAX extension,1129
GEC Communications Manager,26
FairPrice,634
151439 - Q8MN-Procedure for Insurance Premiums,358
Portal of Credit Guarantees PNRR,934
Comma Web,1811
RI AN.New Anti-Money Laundering Research,897
GIANOS Internal controls AUI control modules,344
Developer Portal,1892
Artifactory,1622
150800 - 3 - T.P. Abroad Operations on behalf,1659
Remember GENERAL function,374
EBD7 NPE ignition,222
SetWEB Instructions Oper.Soc.Lista Assembly Tickets,985
CoRe - CRB SWIFT BON101,1443
CoRe - CRB INBIZ SWIFT Inbound information,1444
Consolidated Tagetik - Disclosure Management,157
Consolidated Tagetik - Disclosure Management,208
Consolidated Tagetik - Disclosure Management,956
BEAC Foreign Banks Opening of Accounts,1742
SAP HR Management of the deputy director,424
SAP R3 Purchasing Purchase Request (Procurement Centralization),595
IDST Separate query,1421
ITRA Document transit archive query,1469
152709 - CASH AND TREASURY SERVICES Integrated Management of Treasury Flows,1292
GIFT Telematic flow management,852
PUSP Procédures Unifiées Segments et Portefeuilles,1283
PUSP Unified Groups and Portfolios Procedures,1282
SIRE Holders,1591
GK00 Guarantees received,367
NU00 Management of counterparty bank relationships,1084
A000 GRAO Single order revocation management,718
External fax system,1738
SAP HR Curriculum Vitae,1915
BSF Balance Sheet Forecasting,1935
FX ALL,607
360T,606
Reuters Dealing,671
Acquisition FEX deal,736
NAG - replica db and access components,440
BCS Bit Clearing Station,1803
Nemo english version,85
SETWEB Portal for Institutional,352
DUNI Management of attached/withheld amounts,557
DUNI Transfers,756
Gianos 3D Evaluation Unexpected WEB,1130
VDM - VolckerRule Data Management,353
Jobs Journal,1858
Broker Tool,667
BX Credit Transfer,924
Leveraged Management Credit Portal and IFRS9,79
ZAFI Introduction,1637
SAP R3 CdG Reporting Manual,1765
OTI Outsourcing and Internal Pricing,283
ZAFI Company Credit Cards interrogation of credit balance position,994
ABC Out of Office Offer Provision,1741
DYNG - Centralized Withdrawal Off-Site Offer Operations BDT,1144
"ZAFI Prepaid card, pre-delivery of card to company",961
ClearPar,1335
MTFAM Remittances abroad GETMONEY TO FAMILY and EXPRESS TO FAMILY,382
ESTEROWEB Transfer expired,34
ASNA General introduction and product list,419
SAP BPM Workflow – certificates direct listing,1685
LOL of Borsa Italiana,620
GIFI Initial fundraiser,851
INEN Query for institutions,1460
ISPE Query of expenses (inhibited),1464
GINC Transfer,853
FLAG Specific procedure for account in foreign currency,1322
Back Office document archive management,1008
CSR Tableau de Bord Loading data Social report,1145
SIGMA Armament Materials Management Information System,1430
NQ00 Withdrawal management service execution mode,1902
NQ00 Method of execution of the payment management service,1900
Banca Vobis MicroCredit platform,1486
RM File Viewer,108
155042 IK95 Bridge UniversitHouse,1095
User manual of the ABI-CEI Bank Module platform,795
Comit indices,306
ESTEROWEB Time Cash in foreign currency,1069
QMF Query Management Facility,528
General Accounting Autce,1864
NU00 Management of 034 messages sent by counterparties,1554
CCWEB Management of Damaged Banknotes,16
N650 Management of single currency positions after collection,399
N600 Foreign currency remittance reservation,1350
A000 GPAS Management of request for permanent issue of Meeting Tickets,1185
X Ceed Trading System,922
J-Trader,315
SAP R3 REFX Condominium Management,733
ZV0L Table editor,258
FW01 List of BIC codes,257
"155141 PAES Payments to Companies, Organizations and Companies",877
Gaudì - Mortgage management,552
Country Risk Expected Loss,471
TAX ONE,356
Portfolio Repository,1601
RNAFlow SME Initiative,15
Suspended monitoring dashboard,1615
ION,1087
Reuters Dealing phase 2,759
150316 Q Brochures Ordinary,1545
150316 I Guide to the financial analysis of the balance sheet of manufacturing companies,1571
150316 P Brochure IAS-IFRS,1544
150316 L Guide to the financial analysis of the financial statements of financial companies,1570
150316 Or Financial Brochures,1543
150316 M Guide to financial analysis: self-financing and cash flow,159
TV0D DTE data management,658
Interruptive dashboard,252
TARGET,1187
MOPLE Non-performing Legal Practice Closing,955
BBG-STW,633
VAAS Change in advances and releases,1511
MOBU - Collections Payments Dashboard,974
FLAG Contract data change function Account transfer function,1326
PRICE Research and management of agreements,1374
Patsystem,688
LSO_PSV1 Participation menu,1299
NPL Portfolio Focus,1401
Tick Manager,670
Deal Manager,610
OPNET,690
153408 FILEGATE SPACE (ex SGC3),322
WLTP Gari 2000,253
Issuer website,255
New Web Complaints,1036
EBSO Foreword,946
ICE extension,1018
GM00 Anti-money laundering monitor management Attachments,1909
XS01 - Variation of average values,1532
OCF Dashboard,764
Intex,685
IJBL Management of Bank Checks in FOREIGN CURRENCY,1163
Credoc Web Documented remittances import,196
MAG MTF Aggregator,597
Risk integration,332
AdG MdG Management of economic groups,1396
MV Transferability active,1705
ASSOR Cash absorption value drawer management,227
OPEN Management of opening work session,226
DAT0 - Management of Issuer Commissions,1647
RagAgEnt Management of revenue agency inquiries,516
IMF Tax Monitoring Survey,1618
TIKIN Ticket collection,810
LC0S Schedule Introduction,454
SCBON Wire transfers according to provisions,143
"ZAFI Prepaid card, card delivery in convention",959
Report Servicer,1142
TigerZ Net Treasury Warning Management,778
I LOVE New deal,818
EVT Prints Remote,747
Reference Counterparties,1782
N600 Reservation and banknote advance self-sealing cash register,1347
Branch document archive management,1009
GIANOS 3D Survey questionnaires due diligence,1733
BJD1 Blacklist,1308
Ecopens,1883
PPOME Edit occupation organization,1108
PP01 Current floor data update,1107
TACO FTT Italia Register of Instrumental Obligations,1288
SPRE Provisional reversal of revenue,1506
ABON I cancel wire transfers,833
Cash and Treasury TESIN Operation TESIN Reverse collection,1389
TESDO Treasury document scan,1227
Cash and Treasury Introduction,1387
STRE Reverse reversals,1510
REPM Adjustment of multiple provisionals,1503
CARS Reversal loading with single sub,838
REGO Batch regularization,1143
REPN Adjustment of multiple provisionals,1504
GDST BOM management,846
MIFT Management of telematic flows,1500
VAVE Slope variation,1558
CARE Loading reversals with multiple divers,1562
QUARRIES Slope loading,840
VARE Reverse variation,1518
APPLICATION FOR GROUP FIDUCIARIES,489
PRICE Insertion of a derogation proposal on the agreement,1371
DSO - CT Management,1812
SAP Employee Self Service,1548
RRM Credit Risk Management System portal,1492
MDEL Delegations menu,1471
DIDL Delegation disengagement due to deadline,845
GIDL Deadline disengagement commitment management,850
Cash and Treasury TESPA Operation TESPA Payment of wages,1391
GDLG Delegation management,1195
STMA Reversal of mandates,1509
SPRU Provisional exit reversals,1507
GPAR Limit on the amount of payments in circulation,1286
CAMA Loading mandates with multiple subs,1561
IEMU Query of banks and mortgage lenders,1422
CADL Loading Delegations,836
GEMU Management of banks issuing mortgages,849
VAMA Variation of mandates,1517
VADS Variation of delegation deadlines by date,1516
PAMA Payment sent by cash,1502
VADM Variation of delegation deadlines by mortgage code,1515
CBILL Collection CBILL Utilities,1226
CMAT Loading of beneficiary registration numbers,842
Cash and Treasury TESPA Transaction TESPA Payment prov. exit,1390
INDL Delegations question,1458
VADL Variation of delegations,1514
IIDL Query commitment decommitment deadlines,1423
INDS Query delegation deadlines,1459
STDI Reversal of provisions,1508
CIFT Confirm telematic flows,841
IIFT Inquiries bil of the regulation,1424
REPS Adjustment of temporary beneficiary salaries,1505
GPO Premise,1699
ROFI0,644
NK00 Quick contract management,170
NK00 Operating limits,172
MOPLE Non-performing Proposed movement on positions,701
CORE Subscription and management of Solution PA service,1075
150863 - EB0N-NPE extinction,35
AAEN NDG Information Expansion,436
Accounting for Foreign Dividends,1813
MailDocPRO Quick Guide,1139
AAQR Inquiry reports,67
ESTEROWEB Customer profiling,1070
ESTEROWEB Tick incoming wire transfers,122
NQ00 Protest management service execution mode,1901
NQ00 Methods of execution of the public official service,1903
NQ00 Method of execution of the paper bills cash management service,1899
Tivoli TADDM,691
DWH Market Hub,1333
Click Station IDEM,630
GL,664
ESTEROWEB Negotiation of SBF CHECKS,1022
EVA Simulator Structured finance,288
Coding table Deliberating Bodies (LIFA),272
Document Filing - ADM00 - Expertise Management,1805
Doctor,1261
Tango04,1262
BJD1 Disclaimers out of respect for privacy,1309
Renewals - Automated management of mortgage renewals,490
Tagetik leasing,580
GPA Company car fleet management,581
SAP R3 RE Validation Sending IFRS16 flows,1321
NZ00 Foreign Specialist,714
MOPLE Likely Defaults,696
ESTEROWEB Customer map foreign transfer,1064
A000 Activation of special case deposits,1475
TP-DUB0 Meter Certification System,577
DPNS (F23),556
A000 IRTF Inquiry Branch Transfer Requests,968
A000 GMC1 Compensation against free institutional clients,212
A000 GRGD Total transfer of securities (for sub-deposit),217
A000 GNGD Single title lap,214
A000 GRTF Branch Transfer Request Management,967
Financing - Credito Fondiario,1020
Data Governance Portal Dictionary Management Component,1572
Data Governance Portal Flow Monitoring,1724
SAP R3 Purchasing Registry and basic functions,1744
"ROKY0 Reporting of Costs, Charges and Incentives",1688
ROKY0 Automatic Dial,1689
DYNG Introduction,904
Customer reporting,1723
CRB Contract Inbiz Ordinary Roles Management,517
Archias,1213
Reporting Loans in agreement with CDP,1436
GY4A Management of services on bank checks,1279
Sisba monitor,1928
Tableau de Bord QD Data Quality,1885
DQM corrective form,798
BITSIGHT Supplier monitoring,584
ZAFI Prepaid card top up card,21
Tool Market Data,611
Formicary Tool,681
Ice Clear Europe,661
UCWEB REBB contract management,149
A000 GRTS Securities request management at the counter,218
SAP Workflow Supplier Master Data Centralized Companies (Purchasing Centralization),594
M0PF Management of contractual installment suspension for the Family Plan and Solidarity Fund,1713
ZAFI Money Transfer Western Union,1891
Withdrawal only ATM equipment,941
10 Foreign Network Information System,3
WEBCARDS Services,312
Factoring - Credit Presentation,781
SCC Swift Cover Check,295
MOPLE Unlikely to pay Resolutions on substandard positions,704
UTEIN Utilities collections and domiciliation,812
BAUIN Car tax collection,238
Sextant,725
TEX Tool Exchange,1487
T2S GUI - T2S token activation,1255
ITSM - New Ordinary Web Request,1873
BOSCA Transfers according to provisions,76
Document archiving Appl. accompanying letter,1313
Document archiving Management of waste pulp,1362
155116 e-Catalog Archives Mass searches,510
E-Catalog Mass collections archives,53
Presence of third parties in the branch,1367
Red Hat Satellite,893
Microsoft SCCM System Center Configuration Manager,895
ISBD dashboard,1937
Conflicts of Interest Register,55
ISP FactSet Partners,221
ECAF0 ECAF static pool production procedure,931
Front Web Fatca Crs - Administrative Functions,533
CCWEB Department Stores Management of Euro payments,274
"N650 Management of single positions, confirmation of receipt of values",395
Checks PRIAS reservations checks inquiry,417
Amadeo,1868
Damage policies,1078
Life policies,439
155096 B GAUDI Automated Mortgage Data Management - Central offices,1179
DDRIB Management of Mandates at Bank Risk,154
DDSCO Management of Prescoring Authorization Requests,1191
SAP R3 Assets Prudential area for software,1754
PUSP Unified Groups and Portfolios Procedures,1670
EBA-SHUTTLE,151
FINV Management functions,1275
Tableau de Bord of Audit,1581
MBC Sending Mint to Isidoro procedure,1843
Audit surveillance models,1582
Audit assignments,1585
Audit Risk Assessment,1583
Audit interventions,1584
ZAFI Prepaid Commercial Card Card issuance request,477
ZAFI Card Set Request Position and Card,401
ZAFI Prepaid card delivery card,960
ZAFI Top up paper,962
Out of Office Easy,1740
Report KPI SIT Mgn Power BI,1199
NAGA Negotiated Checks,742
MEMENT reports,744
CJ FROM WHICH ABC Channel,1366
BanSic Work Environment Safety Management,864
CMS Magnolia,668
MCT Accounting Model Target Accounting manual,1031
Integrated Governance Management Dashboard,1089
RFI Sharepoint Tool,987
FOL,677
Cisco IP Phone 7911G,1096
AS400 Telex - Fax,1735
Corporate ceiling,111
SONAR,1497
